"word","a_to_h_letter_count","frequency_score"
"cigar","3","2308"
"rebut","2","2307"
"humph","2","2306"
"awake","3","2305"
"blush","2","2304"
"focal","3","2303"
"evade","4","2302"
"naval","2","2301"
"serve","2","2300"
"heath","4","2299"
"dwarf","3","2298"
"model","2","2297"
"karma","2","2296"
"grade","4","2295"
"quiet","1","2294"
"bench","4","2293"
"abate","4","2292"
"feign","3","2291"
"major","1","2290"
"death","4","2289"
"fresh","3","2288"
"crust","1","2287"
"colon","1","2286"
"abase","4","2285"
"marry","1","2284"
"react","3","2283"
"batty","2","2282"
"pride","2","2281"
"floss","1","2280"
"helix","2","2279"
"croak","2","2278"
"staff","3","2277"
"paper","2","2276"
"unfed","3","2275"
"whelp","2","2274"
"trawl","1","2273"
"outdo","1","2272"
"adobe","4","2271"
"crazy","2","2270"
"sower","1","2269"
"repay","2","2268"
"digit","2","2267"
"crate","3","2266"
"cluck","2","2265"
"spike","1","2264"
"mimic","1","2263"
"pound","1","2262"
"maxim","1","2261"
"linen","1","2260"
"unmet","1","2259"
"flesh","3","2258"
"booby","2","2257"
"forth","2","2256"
"first","1","2255"
"stand","2","2254"
"belly","2","2253"
"seedy","3","2252"
"yearn","2","2251"
"drain","2","2250"
"bribe","3","2249"
"panel","2","2248"
"crass","2","2247"
"flume","2","2246"
"offal","3","2245"
"agree","4","2244"
"error","1","2243"
"argue","3","2242"
"bleed","4","2241"
"delta","3","2240"
"flick","2","2239"
"totem","1","2238"
"wooer","1","2237"
"front","1","2236"
"shrub","2","2235"
"parry","1","2234"
"biome","2","2233"
"lapel","2","2232"
"start","1","2231"
"greet","3","2230"
"goner","2","2229"
"golem","2","2228"
"round","1","2227"
"audit","2","2226"
"lying","1","2225"
"gamma","3","2224"
"labor","2","2223"
"islet","1","2222"
"civic","2","2221"
"forge","3","2220"
"corny","1","2219"
"basic","3","2218"
"salad","3","2217"
"agate","4","2216"
"spicy","1","2215"
"spray","1","2214"
"essay","2","2213"
"fjord","2","2212"
"spend","2","2211"
"kebab","4","2210"
"guild","2","2209"
"aback","4","2208"
"alone","2","2207"
"hatch","4","2206"
"hyper","2","2205"
"thumb","2","2204"
"dowry","1","2203"
"ought","2","2202"
"belch","4","2201"
"dutch","3","2200"
"tweed","3","2199"
"comet","2","2198"
"jaunt","1","2197"
"enema","3","2196"
"steed","3","2195"
"abyss","2","2194"
"growl","1","2193"
"fling","2","2192"
"dozen","2","2191"
"boozy","1","2190"
"erode","3","2189"
"world","1","2188"
"gouge","3","2187"
"click","2","2186"
"briar","2","2185"
"great","3","2184"
"altar","2","2183"
"blurt","1","2182"
"coast","2","2181"
"duchy","3","2180"
"groin","1","2179"
"fixer","2","2178"
"group","1","2177"
"rogue","2","2176"
"badly","3","2175"
"smart","1","2174"
"pithy","1","2173"
"gaudy","3","2172"
"chill","2","2171"
"heron","2","2170"
"vodka","2","2169"
"finer","2","2168"
"surer","1","2167"
"radio","2","2166"
"rouge","2","2165"
"perch","3","2164"
"retch","3","2163"
"wrote","1","2162"
"clock","2","2161"
"tilde","2","2160"
"store","1","2159"
"prove","1","2158"
"bring","2","2157"
"solve","1","2156"
"cheat","4","2155"
"grime","2","2154"
"exult","1","2153"
"usher","2","2152"
"epoch","3","2151"
"triad","2","2150"
"break","3","2149"
"rhino","1","2148"
"viral","1","2147"
"conic","2","2146"
"masse","2","2145"
"sonic","1","2144"
"vital","1","2143"
"trace","3","2142"
"using","1","2141"
"peach","4","2140"
"champ","3","2139"
"baton","2","2138"
"brake","3","2137"
"pluck","1","2136"
"craze","3","2135"
"gripe","2","2134"
"weary","2","2133"
"picky","1","2132"
"acute","3","2131"
"ferry","2","2130"
"aside","3","2129"
"tapir","1","2128"
"unify","1","2127"
"rebus","2","2126"
"boost","1","2125"
"siege","3","2124"
"tiger","2","2123"
"banal","3","2122"
"crank","2","2121"
"gorge","3","2120"
"query","1","2119"
"drink","1","2118"
"favor","2","2117"
"abbey","4","2116"
"tangy","2","2115"
"panic","2","2114"
"solar","1","2113"
"shire","2","2112"
"robot","1","2111"
"prick","1","2110"
"wince","2","2109"
"crimp","1","2108"
"sugar","2","2107"
"whack","3","2106"
"perky","1","2105"
"could","2","2104"
"wrung","1","2103"
"light","2","2102"
"those","2","2101"
"shard","3","2100"
"pleat","2","2099"
"aloft","2","2098"
"elder","3","2097"
"frame","3","2096"
"humor","1","2095"
"pause","2","2094"
"ulcer","2","2093"
"ultra","1","2092"
"robin","1","2091"
"cynic","2","2090"
"aroma","2","2089"
"caulk","2","2088"
"shake","3","2087"
"dodge","4","2086"
"tacit","2","2085"
"other","2","2084"
"thorn","1","2083"
"trove","1","2082"
"bloke","2","2081"
"vivid","1","2080"
"chant","3","2079"
"choke","3","2078"
"rupee","2","2077"
"nasty","1","2076"
"ahead","5","2075"
"brine","2","2074"
"cloth","2","2073"
"hoard","3","2072"
"sweet","2","2071"
"month","1","2070"
"lapse","2","2069"
"watch","3","2068"
"today","2","2067"
"focus","2","2066"
"smelt","1","2065"
"tease","3","2064"
"cater","3","2063"
"movie","1","2062"
"saute","2","2061"
"allow","1","2060"
"renew","2","2059"
"their","2","2058"
"slosh","1","2057"
"purge","2","2056"
"chest","3","2055"
"depot","2","2054"
"epoxy","1","2053"
"nymph","1","2052"
"found","2","2051"
"shall","2","2050"
"harry","2","2049"
"stove","1","2048"
"trope","1","2047"
"fewer","3","2046"
"shawl","2","2045"
"natal","2","2044"
"comma","2","2043"
"foray","2","2042"
"scare","3","2041"
"stair","1","2040"
"black","3","2039"
"squad","2","2038"
"royal","1","2037"
"chunk","2","2036"
"mince","2","2035"
"shame","3","2034"
"cheek","4","2033"
"ample","2","2032"
"flair","2","2031"
"foyer","2","2030"
"cargo","3","2029"
"oxide","2","2028"
"plant","1","2027"
"olive","1","2026"
"inert","1","2025"
"askew","2","2024"
"heist","2","2023"
"shown","1","2022"
"zesty","1","2021"
"hasty","2","2020"
"trash","2","2019"
"fella","3","2018"
"larva","2","2017"
"forgo","2","2016"
"hairy","2","2015"
"train","1","2014"
"homer","2","2013"
"badge","5","2012"
"midst","1","2011"
"canny","2","2010"
"fetus","2","2009"
"butch","3","2008"
"farce","4","2007"
"slung","1","2006"
"metal","2","2005"
"yield","2","2004"
"delve","3","2003"
"being","3","2002"
"scour","1","2001"
"glass","2","2000"
"gamer","3","1999"
"scrap","2","1998"
"money","1","1997"
"hinge","3","1996"
"album","2","1995"
"vouch","2","1994"
"asset","2","1993"
"tiara","2","1992"
"crept","2","1991"
"bayou","2","1990"
"atoll","1","1989"
"manor","1","1988"
"creak","3","1987"
"showy","1","1986"
"phase","3","1985"
"froth","2","1984"
"depth","3","1983"
"gloom","1","1982"
"flood","2","1981"
"trait","1","1980"
"girth","2","1979"
"piety","1","1978"
"payer","2","1977"
"goose","2","1976"
"float","2","1975"
"donor","1","1974"
"atone","2","1973"
"apron","1","1972"
"blown","1","1971"
"cacao","4","1970"
"loser","1","1969"
"gloat","2","1968"
"awful","2","1967"
"brink","1","1966"
"smite","1","1965"
"beady","4","1964"
"retro","1","1963"
"droll","1","1962"
"gawky","2","1961"
"hutch","3","1960"
"gaily","2","1959"
"egret","3","1958"
"lilac","2","1957"
"sever","2","1956"
"field","3","1955"
"fluff","3","1954"
"hydro","2","1953"
"flack","3","1952"
"agape","4","1951"
"voice","2","1950"
"stead","3","1949"
"stalk","1","1948"
"berth","3","1947"
"madam","3","1946"
"night","2","1945"
"bland","3","1944"
"liver","1","1943"
"wedge","4","1942"
"augur","2","1941"
"wacky","2","1940"
"flock","2","1939"
"angry","2","1938"
"bobby","3","1937"
"trite","1","1936"
"aphid","3","1935"
"midge","3","1934"
"power","1","1933"
"elope","2","1932"
"cinch","3","1931"
"upset","1","1930"
"bluff","3","1929"
"cramp","2","1928"
"quart","1","1927"
"coyly","1","1926"
"youth","1","1925"
"rhyme","2","1924"
"buggy","3","1923"
"alien","2","1922"
"smear","2","1921"
"unfit","1","1920"
"patty","1","1919"
"cling","2","1918"
"glean","3","1917"
"label","3","1916"
"hunky","1","1915"
"khaki","2","1914"
"poker","1","1913"
"gruel","2","1912"
"twice","2","1911"
"twang","2","1910"
"shrug","2","1909"
"treat","2","1908"
"waste","2","1907"
"merit","1","1906"
"woven","1","1905"
"octal","2","1904"
"needy","3","1903"
"clown","1","1902"
"widow","1","1901"
"ruder","2","1900"
"gauze","3","1899"
"chief","4","1898"
"onset","1","1897"
"prize","1","1896"
"fungi","2","1895"
"charm","3","1894"
"gully","1","1893"
"inter","1","1892"
"whoop","1","1891"
"taunt","1","1890"
"leery","2","1889"
"class","2","1888"
"theme","3","1887"
"lofty","1","1886"
"tibia","2","1885"
"booze","2","1884"
"alpha","3","1883"
"thyme","2","1882"
"eclat","3","1881"
"doubt","2","1880"
"parer","2","1879"
"chute","3","1878"
"stick","1","1877"
"trice","2","1876"
"alike","2","1875"
"sooth","1","1874"
"recap","3","1873"
"saint","1","1872"
"liege","3","1871"
"glory","1","1870"
"grate","3","1869"
"admit","2","1868"
"brisk","1","1867"
"soggy","2","1866"
"scald","3","1865"
"scorn","1","1864"
"leave","3","1863"
"twine","1","1862"
"sting","1","1861"
"bough","3","1860"
"marsh","2","1859"
"sloth","1","1858"
"dandy","3","1857"
"vigor","1","1856"
"howdy","2","1855"
"enjoy","1","1854"
"valid","2","1853"
"ionic","1","1852"
"equal","2","1851"
"unset","1","1850"
"floor","1","1849"
"catch","4","1848"
"spade","3","1847"
"stein","1","1846"
"exist","1","1845"
"denim","2","1844"
"grove","2","1843"
"spiel","1","1842"
"fault","2","1841"
"foggy","3","1840"
"flout","1","1839"
"carry","2","1838"
"sneak","2","1837"
"libel","2","1836"
"waltz","1","1835"
"aptly","1","1834"
"piney","1","1833"
"inept","1","1832"
"aloud","2","1831"
"photo","1","1830"
"dream","3","1829"
"stale","2","1828"
"ombre","2","1827"
"fanny","2","1826"
"unite","1","1825"
"snarl","1","1824"
"baker","3","1823"
"there","3","1822"
"glyph","2","1821"
"pooch","2","1820"
"hippy","1","1819"
"spell","1","1818"
"folly","1","1817"
"louse","1","1816"
"gulch","3","1815"
"vault","1","1814"
"godly","2","1813"
"threw","2","1812"
"fleet","3","1811"
"grave","3","1810"
"inane","2","1809"
"shock","2","1808"
"crave","3","1807"
"spite","1","1806"
"valve","2","1805"
"claim","2","1804"
"rainy","1","1803"
"pique","1","1802"
"daddy","4","1801"
"quasi","1","1800"
"arise","2","1799"
"aging","3","1798"
"valet","2","1797"
"avert","2","1796"
"stuck","1","1795"
"recut","2","1794"
"mulch","2","1793"
"genre","3","1792"
"plume","1","1791"
"rifle","2","1790"
"count","1","1789"
"incur","1","1788"
"total","1","1787"
"wrest","1","1786"
"mocha","3","1785"
"deter","3","1784"
"study","1","1783"
"lover","1","1782"
"safer","3","1781"
"rivet","1","1780"
"funny","1","1779"
"smoke","1","1778"
"mound","1","1777"
"undue","2","1776"
"sedan","3","1775"
"pagan","3","1774"
"swine","1","1773"
"guile","2","1772"
"gusty","1","1771"
"equip","1","1770"
"tough","2","1769"
"canoe","3","1768"
"chaos","3","1767"
"covet","2","1766"
"human","2","1765"
"udder","3","1764"
"lunch","2","1763"
"blast","2","1762"
"stray","1","1761"
"manga","3","1760"
"melee","3","1759"
"lefty","2","1758"
"quick","1","1757"
"paste","2","1756"
"given","2","1755"
"octet","2","1754"
"risen","1","1753"
"groan","2","1752"
"leaky","2","1751"
"grind","2","1750"
"carve","3","1749"
"loose","1","1748"
"sadly","2","1747"
"apple","2","1746"
"slack","2","1745"
"honey","2","1744"
"final","2","1743"
"sheen","3","1742"
"eerie","3","1741"
"slick","1","1740"
"derby","3","1739"
"wharf","3","1738"
"spelt","1","1737"
"coach","4","1736"
"erupt","1","1735"
"singe","2","1734"
"price","2","1733"
"spawn","1","1732"
"fairy","2","1731"
"jiffy","2","1730"
"filmy","1","1729"
"stack","2","1728"
"chose","3","1727"
"sleep","2","1726"
"ardor","2","1725"
"nanny","1","1724"
"niece","3","1723"
"handy","3","1722"
"grace","4","1721"
"ditto","1","1720"
"stank","1","1719"
"cream","3","1718"
"usual","1","1717"
"diode","3","1716"
"valor","1","1715"
"angle","3","1714"
"ninja","1","1713"
"muddy","2","1712"
"chase","4","1711"
"reply","1","1710"
"prone","1","1709"
"heart","3","1708"
"shade","4","1707"
"diner","2","1706"
"arson","1","1705"
"sleet","2","1704"
"dowel","2","1703"
"couch","3","1702"
"palsy","1","1701"
"bowel","2","1700"
"smile","1","1699"
"evoke","2","1698"
"creek","3","1697"
"lance","3","1696"
"eagle","4","1695"
"idiot","1","1694"
"siren","1","1693"
"built","1","1692"
"embed","4","1691"
"award","3","1690"
"dross","1","1689"
"annul","1","1688"
"goody","2","1687"
"frown","1","1686"
"patio","1","1685"
"laden","3","1684"
"humid","2","1683"
"elite","2","1682"
"lymph","1","1681"
"edify","3","1680"
"might","2","1679"
"reset","2","1678"
"gusto","1","1677"
"purse","1","1676"
"vapor","1","1675"
"crock","2","1674"
"write","1","1673"
"loath","2","1672"
"chaff","5","1671"
"slide","2","1670"
"queer","2","1669"
"venom","1","1668"
"stamp","1","1667"
"acorn","2","1666"
"aping","2","1665"
"pushy","1","1664"
"tamer","2","1663"
"hater","3","1662"
"mania","2","1661"
"awoke","2","1660"
"brawn","2","1659"
"swift","1","1658"
"exile","2","1657"
"birch","3","1656"
"lucky","1","1655"
"freer","3","1654"
"ghost","2","1653"
"plier","1","1652"
"lunar","1","1651"
"winch","2","1650"
"snare","2","1649"
"nurse","1","1648"
"house","2","1647"
"borax","2","1646"
"nicer","2","1645"
"lurch","2","1644"
"exalt","2","1643"
"about","2","1642"
"savvy","1","1641"
"tunic","1","1640"
"pried","2","1639"
"inlay","1","1638"
"chump","2","1637"
"lanky","1","1636"
"cress","2","1635"
"eater","3","1634"
"elude","3","1633"
"cycle","3","1632"
"boule","2","1631"
"tenet","2","1630"
"place","3","1629"
"lobby","2","1628"
"plush","1","1627"
"vigil","1","1626"
"index","2","1625"
"blink","1","1624"
"clung","2","1623"
"qualm","1","1622"
"croup","1","1621"
"clink","1","1620"
"juicy","1","1619"
"stage","3","1618"
"decay","4","1617"
"nerve","2","1616"
"flier","2","1615"
"shaft","3","1614"
"crook","1","1613"
"clean","3","1612"
"china","3","1611"
"ridge","3","1610"
"vowel","1","1609"
"gnome","2","1608"
"snuck","1","1607"
"icing","2","1606"
"rigor","1","1605"
"snail","1","1604"
"flown","1","1603"
"rabid","3","1602"
"prose","1","1601"
"thank","2","1600"
"budge","4","1599"
"fiber","3","1598"
"moldy","1","1597"
"dowdy","2","1596"
"kneel","2","1595"
"track","2","1594"
"caddy","4","1593"
"quell","1","1592"
"dumpy","1","1591"
"paler","2","1590"
"swore","1","1589"
"rebar","3","1588"
"scuba","3","1587"
"splat","1","1586"
"flyer","2","1585"
"horny","1","1584"
"mason","1","1583"
"doing","2","1582"
"ozone","1","1581"
"amply","1","1580"
"molar","1","1579"
"ovary","1","1578"
"beset","3","1577"
"queue","2","1576"
"cliff","3","1575"
"magic","3","1574"
"truce","2","1573"
"fritz","1","1572"
"edict","3","1571"
"verse","2","1570"
"llama","2","1569"
"eaten","3","1568"
"range","3","1567"
"whisk","1","1566"
"hovel","2","1565"
"rehab","4","1564"
"macaw","3","1563"
"sigma","2","1562"
"verve","2","1561"
"sushi","1","1560"
"dying","2","1559"
"fetid","3","1558"
"brain","2","1557"
"buddy","3","1556"
"thump","1","1555"
"scion","1","1554"
"candy","3","1553"
"chord","3","1552"
"basin","2","1551"
"march","3","1550"
"crowd","2","1549"
"arbor","2","1548"
"gayly","2","1547"
"stain","1","1546"
"dally","2","1545"
"bless","2","1544"
"bravo","2","1543"
"stung","1","1542"
"title","1","1541"
"ruler","1","1540"
"blond","2","1539"
"ennui","1","1538"
"layer","2","1537"
"fluid","2","1536"
"tatty","1","1535"
"score","2","1534"
"cutie","2","1533"
"zebra","3","1532"
"barge","4","1531"
"matey","2","1530"
"bluer","2","1529"
"aider","3","1528"
"shook","1","1527"
"river","1","1526"
"betel","3","1525"
"frisk","1","1524"
"bongo","2","1523"
"begun","3","1522"
"azure","2","1521"
"weave","3","1520"
"genie","3","1519"
"sound","1","1518"
"glove","2","1517"
"braid","3","1516"
"scope","2","1515"
"rover","1","1514"
"assay","2","1513"
"ocean","3","1512"
"bloom","1","1511"
"irate","2","1510"
"later","2","1509"
"woken","1","1508"
"wreck","2","1507"
"dwelt","2","1506"
"slate","2","1505"
"smack","2","1504"
"solid","1","1503"
"amaze","3","1502"
"hazel","3","1501"
"globe","3","1500"
"flint","1","1499"
"rouse","1","1498"
"civil","1","1497"
"vista","1","1496"
"relax","2","1495"
"cover","2","1494"
"alive","2","1493"
"beech","5","1492"
"jetty","1","1491"
"bliss","1","1490"
"vocal","2","1489"
"often","2","1488"
"dolly","1","1487"
"eight","3","1486"
"joker","1","1485"
"since","2","1484"
"event","2","1483"
"ensue","2","1482"
"shunt","1","1481"
"diver","2","1480"
"poser","1","1479"
"sweep","2","1478"
"alley","2","1477"
"creed","4","1476"
"anime","2","1475"
"leafy","3","1474"
"bosom","1","1473"
"dunce","3","1472"
"stare","2","1471"
"pudgy","2","1470"
"waive","2","1469"
"choir","2","1468"
"stood","1","1467"
"spoke","1","1466"
"outgo","1","1465"
"delay","3","1464"
"bilge","3","1463"
"ideal","3","1462"
"clasp","2","1461"
"seize","2","1460"
"hotly","1","1459"
"laugh","3","1458"
"sieve","2","1457"
"block","2","1456"
"meant","2","1455"
"grape","3","1454"
"noose","1","1453"
"hardy","3","1452"
"shied","3","1451"
"drawl","2","1450"
"daisy","2","1449"
"burnt","1","1448"
"crick","2","1447"
"idyll","1","1446"
"vixen","1","1445"
"furor","1","1444"
"geeky","3","1443"
"cough","3","1442"
"naive","2","1441"
"shoal","2","1440"
"bathe","4","1439"
"aunty","1","1438"
"check","4","1437"
"prime","1","1436"
"brass","2","1435"
"outer","1","1434"
"furry","1","1433"
"razor","1","1432"
"elect","3","1431"
"evict","2","1430"
"demur","2","1429"
"quota","1","1428"
"haven","3","1427"
"cavil","2","1426"
"swear","2","1425"
"crump","1","1424"
"dough","3","1423"
"gavel","3","1422"
"wagon","2","1421"
"salon","1","1420"
"nudge","3","1419"
"harem","3","1418"
"pitch","2","1417"
"excel","3","1416"
"cabin","3","1415"
"queen","2","1414"
"earth","3","1413"
"taper","2","1412"
"enter","2","1411"
"child","3","1410"
"adopt","2","1409"
"fatty","2","1408"
"husky","1","1407"
"brave","3","1406"
"filet","2","1405"
"slime","1","1404"
"glint","1","1403"
"tread","3","1402"
"steal","2","1401"
"regal","3","1400"
"guest","2","1399"
"every","2","1398"
"share","3","1397"
"spore","1","1396"
"hoist","1","1395"
"buxom","1","1394"
"inner","1","1393"
"otter","1","1392"
"dimly","1","1391"
"level","2","1390"
"sumac","2","1389"
"donut","1","1388"
"arena","3","1387"
"sheet","3","1386"
"scrub","2","1385"
"fancy","3","1384"
"pearl","2","1383"
"porch","2","1382"
"dingo","2","1381"
"sepia","2","1380"
"amble","3","1379"
"shady","3","1378"
"bread","4","1377"
"friar","2","1376"
"reign","2","1375"
"dairy","2","1374"
"cross","1","1373"
"brood","2","1372"
"tuber","2","1371"
"shear","3","1370"
"blank","2","1369"
"villa","1","1368"
"shank","2","1367"
"piggy","2","1366"
"freak","3","1365"
"which","3","1364"
"among","2","1363"
"fecal","4","1362"
"shell","2","1361"
"would","1","1360"
"algae","4","1359"
"large","3","1358"
"rabbi","3","1357"
"agony","2","1356"
"amuse","2","1355"
"bushy","2","1354"
"copse","2","1353"
"knife","2","1352"
"pouch","2","1351"
"ascot","2","1350"
"plane","2","1349"
"crown","1","1348"
"urban","2","1347"
"snide","2","1346"
"relay","2","1345"
"abide","4","1344"
"viola","1","1343"
"rajah","3","1342"
"straw","1","1341"
"dilly","1","1340"
"crash","3","1339"
"amass","2","1338"
"third","2","1337"
"trick","1","1336"
"woody","1","1335"
"blurb","2","1334"
"grief","3","1333"
"disco","2","1332"
"where","3","1331"
"sassy","1","1330"
"beach","5","1329"
"sauna","2","1328"
"comic","2","1327"
"clued","3","1326"
"creep","3","1325"
"caste","3","1324"
"graze","3","1323"
"snuff","2","1322"
"frock","2","1321"
"gonad","3","1320"
"drunk","1","1319"
"prong","1","1318"
"lurid","1","1317"
"steel","2","1316"
"halve","3","1315"
"buyer","2","1314"
"utile","1","1313"
"smell","1","1312"
"adage","5","1311"
"tasty","1","1310"
"local","2","1309"
"trade","3","1308"
"finch","3","1307"
"ashen","3","1306"
"modal","2","1305"
"gaunt","2","1304"
"clove","2","1303"
"enact","3","1302"
"adorn","2","1301"
"roast","1","1300"
"speck","2","1299"
"sheik","2","1298"
"grunt","1","1297"
"party","1","1296"
"touch","2","1295"
"mafia","3","1294"
"emcee","4","1293"
"array","2","1292"
"south","1","1291"
"vapid","2","1290"
"jelly","1","1289"
"angst","2","1288"
"tubal","2","1287"
"lower","1","1286"
"crest","2","1285"
"sweat","2","1284"
"cyber","3","1283"
"adore","3","1282"
"tardy","2","1281"
"swami","1","1280"
"notch","2","1279"
"groom","1","1278"
"roach","3","1277"
"hitch","3","1276"
"young","1","1275"
"align","2","1274"
"ready","3","1273"
"frond","2","1272"
"strap","1","1271"
"puree","2","1270"
"realm","2","1269"
"venue","2","1268"
"swarm","1","1267"
"offer","3","1266"
"seven","2","1265"
"dryer","2","1264"
"diary","2","1263"
"dryly","1","1262"
"drank","2","1261"
"acrid","3","1260"
"heady","4","1259"
"theta","3","1258"
"pixie","1","1257"
"quoth","1","1256"
"bonus","1","1255"
"shalt","2","1254"
"penne","2","1253"
"amend","3","1252"
"datum","2","1251"
"build","2","1250"
"piano","1","1249"
"shelf","3","1248"
"lodge","3","1247"
"suing","1","1246"
"rearm","2","1245"
"coral","2","1244"
"ramen","2","1243"
"worth","1","1242"
"psalm","1","1241"
"infer","2","1240"
"overt","1","1239"
"mayor","1","1238"
"ovoid","1","1237"
"glide","3","1236"
"usage","3","1235"
"poise","1","1234"
"randy","2","1233"
"chuck","3","1232"
"prank","1","1231"
"fishy","2","1230"
"tooth","1","1229"
"ether","3","1228"
"drove","2","1227"
"idler","2","1226"
"swath","2","1225"
"while","2","1224"
"begat","4","1223"
"apply","1","1222"
"slang","2","1221"
"tarot","1","1220"
"radar","3","1219"
"credo","3","1218"
"aware","3","1217"
"canon","2","1216"
"shift","2","1215"
"timer","1","1214"
"bylaw","2","1213"
"serum","1","1212"
"three","3","1211"
"steak","2","1210"
"iliac","2","1209"
"shirk","1","1208"
"blunt","1","1207"
"penal","2","1206"
"bunny","1","1205"
"shape","3","1204"
"beget","4","1203"
"wheel","3","1202"
"adept","3","1201"
"stole","1","1200"
"topaz","1","1199"
"chore","3","1198"
"fluke","2","1197"
"afoot","2","1196"
"bloat","2","1195"
"bully","1","1194"
"dense","3","1193"
"caper","3","1192"
"sneer","2","1191"
"boxer","2","1190"
"jumbo","1","1189"
"lunge","2","1188"
"space","3","1187"
"avail","2","1186"
"short","1","1185"
"loyal","1","1184"
"flirt","1","1183"
"pizza","1","1182"
"conch","3","1181"
"tempo","1","1180"
"droop","1","1179"
"plate","2","1178"
"bible","3","1177"
"afoul","2","1176"
"savoy","1","1175"
"steep","2","1174"
"agile","3","1173"
"stake","2","1172"
"dwell","2","1171"
"knave","2","1170"
"beard","4","1169"
"arose","2","1168"
"motif","1","1167"
"smash","2","1166"
"broil","1","1165"
"glare","3","1164"
"shove","2","1163"
"baggy","4","1162"
"mammy","1","1161"
"swamp","1","1160"
"along","2","1159"
"rugby","2","1158"
"wager","3","1157"
"quack","2","1156"
"squat","1","1155"
"snaky","1","1154"
"debit","3","1153"
"mange","3","1152"
"skate","2","1151"
"ninth","1","1150"
"tramp","1","1149"
"medal","3","1148"
"micro","1","1147"
"rebel","3","1146"
"flank","2","1145"
"learn","2","1144"
"nadir","2","1143"
"maple","2","1142"
"comfy","2","1141"
"remit","1","1140"
"gruff","3","1139"
"ester","2","1138"
"least","2","1137"
"mogul","1","1136"
"fetch","4","1135"
"cause","3","1134"
"oaken","2","1133"
"aglow","2","1132"
"meaty","2","1131"
"gaffe","5","1130"
"shyly","1","1129"
"racer","3","1128"
"thief","3","1127"
"stern","1","1126"
"poesy","1","1125"
"rocky","1","1124"
"tweet","2","1123"
"waist","1","1122"
"spire","1","1121"
"grope","2","1120"
"havoc","3","1119"
"patsy","1","1118"
"forty","1","1117"
"deity","2","1116"
"uncle","2","1115"
"swish","1","1114"
"giver","2","1113"
"preen","2","1112"
"bevel","3","1111"
"lemur","1","1110"
"draft","3","1109"
"slope","1","1108"
"annoy","1","1107"
"lingo","1","1106"
"bleak","3","1105"
"ditty","1","1104"
"curly","1","1103"
"cedar","4","1102"
"dirge","3","1101"
"grown","1","1100"
"horde","3","1099"
"drool","1","1098"
"shuck","2","1097"
"crypt","1","1096"
"cumin","1","1095"
"stock","1","1094"
"gravy","2","1093"
"locus","1","1092"
"wider","2","1091"
"breed","4","1090"
"quite","1","1089"
"chafe","5","1088"
"cache","5","1087"
"blimp","1","1086"
"deign","3","1085"
"fiend","3","1084"
"logic","2","1083"
"cheap","4","1082"
"elide","3","1081"
"rigid","2","1080"
"false","3","1079"
"renal","2","1078"
"pence","3","1077"
"rowdy","1","1076"
"shoot","1","1075"
"blaze","3","1074"
"envoy","1","1073"
"posse","1","1072"
"brief","3","1071"
"never","2","1070"
"abort","2","1069"
"mouse","1","1068"
"mucky","1","1067"
"fiery","2","1066"
"media","3","1065"
"yeast","2","1064"
"clear","3","1063"
"scalp","2","1062"
"bitty","1","1061"
"cider","3","1060"
"koala","2","1059"
"duvet","2","1058"
"segue","3","1057"
"creme","3","1056"
"super","1","1055"
"grill","1","1054"
"after","3","1053"
"owner","1","1052"
"ember","3","1051"
"reach","4","1050"
"nobly","1","1049"
"empty","1","1048"
"speed","3","1047"
"gipsy","1","1046"
"recur","2","1045"
"smock","1","1044"
"dread","4","1043"
"merge","3","1042"
"burst","1","1041"
"kappa","2","1040"
"amity","1","1039"
"shaky","2","1038"
"hover","2","1037"
"carol","2","1036"
"synod","1","1035"
"faint","2","1034"
"haunt","2","1033"
"flour","1","1032"
"chair","3","1031"
"detox","2","1030"
"shrew","2","1029"
"tense","2","1028"
"plied","2","1027"
"quark","1","1026"
"burly","1","1025"
"novel","1","1024"
"waxen","2","1023"
"stoic","1","1022"
"jerky","1","1021"
"blitz","1","1020"
"beefy","4","1019"
"lyric","1","1018"
"hussy","1","1017"
"towel","1","1016"
"below","2","1015"
"bingo","2","1014"
"brash","3","1013"
"scone","2","1012"
"toast","1","1011"
"easel","3","1010"
"saucy","2","1009"
"value","2","1008"
"spice","2","1007"
"honor","1","1006"
"route","1","1005"
"sharp","2","1004"
"bawdy","3","1003"
"radii","2","1002"
"phony","1","1001"
"issue","1","1000"
"lager","3","999"
"swell","1","998"
"urine","1","997"
"gassy","2","996"
"trial","1","995"
"flora","2","994"
"upper","1","993"
"latch","3","992"
"wight","2","991"
"brick","2","990"
"retry","1","989"
"holly","1","988"
"decal","4","987"
"grass","2","986"
"shack","3","985"
"dogma","3","984"
"mover","1","983"
"defer","4","982"
"sober","2","981"
"optic","1","980"
"crier","2","979"
"vying","1","978"
"nomad","2","977"
"flute","2","976"
"hippo","1","975"
"shark","2","974"
"drier","2","973"
"obese","3","972"
"bugle","3","971"
"tawny","1","970"
"chalk","3","969"
"feast","3","968"
"ruddy","2","967"
"pedal","3","966"
"scarf","3","965"
"cruel","2","964"
"bleat","3","963"
"tidal","2","962"
"slush","1","961"
"semen","2","960"
"windy","1","959"
"dusty","1","958"
"sally","1","957"
"igloo","1","956"
"nerdy","2","955"
"jewel","2","954"
"shone","2","953"
"whale","3","952"
"hymen","2","951"
"abuse","3","950"
"fugue","3","949"
"elbow","2","948"
"crumb","2","947"
"pansy","1","946"
"welsh","2","945"
"terse","2","944"
"suave","2","943"
"gamut","2","942"
"swung","1","941"
"drake","3","940"
"freed","4","939"
"afire","3","938"
"shirt","1","937"
"grout","1","936"
"oddly","2","935"
"tithe","2","934"
"plaid","2","933"
"dummy","1","932"
"broom","1","931"
"blind","2","930"
"torch","2","929"
"enemy","2","928"
"again","3","927"
"tying","1","926"
"pesky","1","925"
"alter","2","924"
"gazer","3","923"
"noble","2","922"
"ethos","2","921"
"bride","3","920"
"extol","1","919"
"decor","3","918"
"hobby","3","917"
"beast","3","916"
"idiom","1","915"
"utter","1","914"
"these","3","913"
"sixth","1","912"
"alarm","2","911"
"erase","3","910"
"elegy","3","909"
"piper","1","908"
"scaly","2","907"
"scold","2","906"
"hefty","3","905"
"chick","3","904"
"canal","3","903"
"whiny","1","902"
"slash","2","901"
"quake","2","900"
"swept","1","899"
"prude","2","898"
"heavy","3","897"
"wield","2","896"
"femme","3","895"
"lasso","1","894"
"maize","2","893"
"shale","3","892"
"screw","2","891"
"spree","2","890"
"whiff","3","889"
"scent","2","888"
"glade","4","887"
"spent","1","886"
"stoke","1","885"
"riper","1","884"
"orbit","1","883"
"cocoa","3","882"
"guilt","1","881"
"humus","1","880"
"shush","2","879"
"table","3","878"
"wrong","1","877"
"alert","2","876"
"shiny","1","875"
"elate","3","874"
"resin","1","873"
"whole","2","872"
"hunch","3","871"
"pixel","1","870"
"polar","1","869"
"hotel","2","868"
"sword","1","867"
"cleat","3","866"
"mango","2","865"
"rumba","2","864"
"puffy","2","863"
"filly","1","862"
"billy","1","861"
"leash","3","860"
"clout","1","859"
"dance","4","858"
"ovate","2","857"
"facet","4","856"
"chili","2","855"
"paint","1","854"
"liner","1","853"
"curio","1","852"
"salty","1","851"
"audio","2","850"
"snake","2","849"
"fable","4","848"
"cloak","2","847"
"navel","2","846"
"pesto","1","845"
"balmy","2","844"
"flash","3","843"
"unwed","2","842"
"early","2","841"
"churn","2","840"
"weedy","3","839"
"lease","3","838"
"spoof","1","837"
"saner","2","836"
"blend","3","835"
"salsa","2","834"
"thick","2","833"
"warty","1","832"
"manic","2","831"
"blare","3","830"
"squib","1","829"
"probe","2","828"
"crepe","3","827"
"knack","2","826"
"force","3","825"
"debut","3","824"
"order","2","823"
"haste","3","822"
"teeth","3","821"
"agent","3","820"
"widen","2","819"
"icily","1","818"
"slice","2","817"
"ingot","1","816"
"clash","3","815"
"blood","2","814"
"abode","4","813"
"throw","1","812"
"slept","1","811"
"spare","2","810"
"sewer","2","809"
"parse","2","808"
"morph","1","807"
"cacti","3","806"
"tacky","2","805"
"demon","2","804"
"moody","1","803"
"annex","2","802"
"begin","3","801"
"fuzzy","1","800"
"patch","3","799"
"water","2","798"
"admin","2","797"
"omega","3","796"
"tabby","3","795"
"macho","3","794"
"aisle","2","793"
"skiff","2","792"
"basis","2","791"
"plank","1","790"
"verge","3","789"
"botch","3","788"
"crawl","2","787"
"slain","1","786"
"cubic","3","785"
"raise","2","784"
"wrack","2","783"
"guide","3","782"
"foist","1","781"
"cameo","3","780"
"under","2","779"
"actor","2","778"
"revue","2","777"
"fraud","3","776"
"harpy","2","775"
"scoop","1","774"
"climb","2","773"
"refer","3","772"
"olden","2","771"
"clerk","2","770"
"debar","4","769"
"tally","1","768"
"ethic","3","767"
"cairn","2","766"
"tulle","1","765"
"ghoul","2","764"
"hilly","1","763"
"crude","3","762"
"apart","2","761"
"scale","3","760"
"older","2","759"
"plain","1","758"
"sperm","1","757"
"briny","1","756"
"abbot","3","755"
"rerun","1","754"
"quest","1","753"
"crisp","1","752"
"bound","2","751"
"befit","3","750"
"drawn","2","749"
"suite","1","748"
"itchy","2","747"
"cheer","4","746"
"bagel","4","745"
"guess","2","744"
"broad","3","743"
"axiom","1","742"
"chard","4","741"
"caput","2","740"
"leant","2","739"
"harsh","3","738"
"curse","2","737"
"proud","1","736"
"swing","1","735"
"opine","1","734"
"taste","2","733"
"gumbo","2","732"
"miner","1","731"
"green","3","730"
"chasm","3","729"
"lipid","1","728"
"topic","1","727"
"armor","1","726"
"brush","2","725"
"crane","3","724"
"mural","1","723"
"abled","4","722"
"habit","3","721"
"bossy","1","720"
"maker","2","719"
"dusky","1","718"
"dizzy","1","717"
"lithe","2","716"
"brook","1","715"
"jazzy","1","714"
"fifty","2","713"
"sense","2","712"
"giant","2","711"
"legal","3","710"
"fatal","3","709"
"flunk","1","708"
"began","4","707"
"prune","1","706"
"small","1","705"
"slant","1","704"
"scoff","3","703"
"covey","2","702"
"viper","1","701"
"taken","2","700"
"moral","1","699"
"vogue","2","698"
"owing","1","697"
"token","1","696"
"entry","1","695"
"booth","2","694"
"voter","1","693"
"chide","4","692"
"elfin","2","691"
"ebony","2","690"
"neigh","3","689"
"melon","1","688"
"kneed","3","687"
"decoy","3","686"
"voila","1","685"
"ankle","2","684"
"arrow","1","683"
"mushy","1","682"
"tribe","2","681"
"cease","4","680"
"eager","4","679"
"birth","2","678"
"graph","3","677"
"odder","3","676"
"terra","2","675"
"weird","2","674"
"tried","2","673"
"clack","3","672"
"color","1","671"
"rough","2","670"
"weigh","3","669"
"uncut","1","668"
"ladle","3","667"
"craft","3","666"
"dicey","3","665"
"titan","1","664"
"lucid","2","663"
"vicar","2","662"
"dress","2","661"
"ditch","3","660"
"gypsy","1","659"
"pasta","2","658"
"taffy","3","657"
"flame","3","656"
"aloof","2","655"
"sight","2","654"
"broke","2","653"
"teary","2","652"
"chart","3","651"
"wordy","1","650"
"sheer","3","649"
"leper","2","648"
"nosey","1","647"
"bulge","3","646"
"savor","1","645"
"clamp","2","644"
"funky","1","643"
"foamy","2","642"
"toxic","1","641"
"brand","3","640"
"plumb","1","639"
"dingy","2","638"
"butte","2","637"
"drill","1","636"
"tripe","1","635"
"bicep","3","634"
"tenor","1","633"
"worse","1","632"
"drama","3","631"
"hyena","3","630"
"think","1","629"
"ratio","1","628"
"cobra","3","627"
"basil","2","626"
"scrum","1","625"
"bused","3","624"
"phone","2","623"
"court","1","622"
"camel","3","621"
"proof","1","620"
"heard","4","619"
"angel","3","618"
"petal","2","617"
"throb","2","616"
"maybe","3","615"
"fetal","3","614"
"sprig","1","613"
"spine","1","612"
"shout","1","611"
"cadet","4","610"
"macro","2","609"
"dodgy","3","608"
"satyr","1","607"
"rarer","2","606"
"binge","3","605"
"trend","2","604"
"leapt","2","603"
"amiss","1","602"
"myrrh","1","601"
"width","2","600"
"sonar","1","599"
"tower","1","598"
"baron","2","597"
"fever","3","596"
"waver","2","595"
"spark","1","594"
"belie","3","593"
"expel","2","592"
"smote","1","591"
"baler","3","590"
"above","3","589"
"north","1","588"
"wafer","3","587"
"scant","2","586"
"frill","1","585"
"awash","3","584"
"snack","2","583"
"scowl","1","582"
"frail","2","581"
"drift","2","580"
"limbo","1","579"
"fence","4","578"
"motel","1","577"
"ounce","2","576"
"wreak","2","575"
"revel","2","574"
"talon","1","573"
"knelt","1","572"
"cello","2","571"
"flake","3","570"
"debug","4","569"
"anode","3","568"
"crime","2","567"
"salve","2","566"
"scout","1","565"
"imbue","2","564"
"stave","2","563"
"vague","3","562"
"chock","3","561"
"fight","3","560"
"video","2","559"
"stone","1","558"
"teach","4","557"
"cleft","3","556"
"frost","1","555"
"prawn","1","554"
"booty","1","553"
"apnea","3","552"
"stiff","2","551"
"plaza","2","550"
"ledge","4","549"
"tweak","2","548"
"board","3","547"
"grant","2","546"
"medic","3","545"
"bacon","3","544"
"cable","4","543"
"brawl","2","542"
"raspy","1","541"
"forum","1","540"
"drone","2","539"
"women","1","538"
"mucus","1","537"
"boast","2","536"
"toddy","2","535"
"coven","2","534"
"truer","1","533"
"wrath","2","532"
"stall","1","531"
"steam","2","530"
"axial","2","529"
"purer","1","528"
"daily","2","527"
"trail","1","526"
"niche","3","525"
"mealy","2","524"
"juice","2","523"
"merry","1","522"
"flail","2","521"
"papal","2","520"
"wheat","3","519"
"berry","2","518"
"cower","2","517"
"erect","3","516"
"brute","2","515"
"leggy","3","514"
"snipe","1","513"
"sinew","1","512"
"skier","1","511"
"penny","1","510"
"rally","1","509"
"umbra","2","508"
"scary","2","507"
"modem","2","506"
"gross","1","505"
"avian","2","504"
"greed","4","503"
"satin","1","502"
"tonic","1","501"
"parka","2","500"
"sniff","2","499"
"livid","1","498"
"stark","1","497"
"giddy","3","496"
"reuse","2","495"
"taboo","2","494"
"avoid","2","493"
"quote","1","492"
"devil","2","491"
"liken","1","490"
"gloss","1","489"
"gayer","3","488"
"beret","3","487"
"noise","1","486"
"gland","3","485"
"dealt","3","484"
"sling","1","483"
"opera","2","482"
"thigh","3","481"
"tonga","2","480"
"flare","3","479"
"wound","1","478"
"white","2","477"
"bulky","1","476"
"etude","3","475"
"horse","2","474"
"circa","3","473"
"paddy","3","472"
"inbox","1","471"
"fizzy","1","470"
"grain","2","469"
"exert","2","468"
"surge","2","467"
"gleam","3","466"
"belle","3","465"
"salvo","1","464"
"crush","2","463"
"fruit","1","462"
"sappy","1","461"
"taker","2","460"
"tract","2","459"
"ovine","1","458"
"frank","2","457"
"reedy","3","456"
"filth","2","455"
"spasm","1","454"
"heave","4","453"
"mambo","2","452"
"right","2","451"
"clank","2","450"
"lumen","1","449"
"borne","2","448"
"sauce","3","447"
"amber","3","446"
"lathe","3","445"
"carat","3","444"
"corer","2","443"
"dirty","1","442"
"affix","3","441"
"alloy","1","440"
"taint","1","439"
"sheep","3","438"
"mauve","2","437"
"flung","2","436"
"yacht","3","435"
"fried","3","434"
"quail","1","433"
"brunt","1","432"
"grimy","1","431"
"curvy","1","430"
"cagey","4","429"
"rinse","1","428"
"deuce","4","427"
"state","2","426"
"grasp","2","425"
"bison","1","424"
"graft","3","423"
"sandy","2","422"
"baste","3","421"
"flask","2","420"
"hedge","5","419"
"girly","1","418"
"swash","2","417"
"boney","2","416"
"coupe","2","415"
"endow","2","414"
"abhor","3","413"
"welch","3","412"
"blade","4","411"
"tight","2","410"
"geese","4","409"
"miser","1","408"
"mirth","1","407"
"cloud","2","406"
"cabal","4","405"
"leech","4","404"
"close","2","403"
"tenth","2","402"
"pecan","3","401"
"droit","1","400"
"grail","2","399"
"clone","2","398"
"guise","2","397"
"ralph","2","396"
"tango","2","395"
"biddy","3","394"
"smith","1","393"
"mower","1","392"
"payee","3","391"
"serif","2","390"
"drape","3","389"
"fifth","3","388"
"spank","1","387"
"glaze","3","386"
"allot","1","385"
"truck","1","384"
"kayak","2","383"
"testy","1","382"
"tepee","3","381"
"fully","1","380"
"zonal","1","379"
"metro","1","378"
"curry","1","377"
"grand","3","376"
"banjo","2","375"
"axion","1","374"
"bezel","3","373"
"occur","2","372"
"chain","3","371"
"nasal","2","370"
"gooey","2","369"
"filer","2","368"
"brace","4","367"
"allay","2","366"
"pubic","2","365"
"raven","2","364"
"plead","3","363"
"gnash","3","362"
"flaky","2","361"
"munch","2","360"
"dully","1","359"
"eking","2","358"
"thing","2","357"
"hurry","1","356"
"theft","3","355"
"shorn","1","354"
"pygmy","1","353"
"ranch","3","352"
"wring","1","351"
"lemon","1","350"
"shore","2","349"
"mamma","2","348"
"froze","2","347"
"newer","2","346"
"style","1","345"
"moose","1","344"
"antic","2","343"
"drown","1","342"
"vegan","3","341"
"chess","3","340"
"guppy","1","339"
"lever","2","338"
"image","3","337"
"cabby","4","336"
"druid","2","335"
"exact","3","334"
"truth","1","333"
"dopey","2","332"
"spear","2","331"
"cried","3","330"
"chime","3","329"
"crony","1","328"
"timid","1","327"
"batch","4","326"
"gauge","4","325"
"crack","3","324"
"curve","2","323"
"latte","2","322"
"witch","2","321"
"bunch","3","320"
"repel","2","319"
"anvil","1","318"
"soapy","1","317"
"meter","2","316"
"broth","2","315"
"madly","2","314"
"dried","3","313"
"scene","3","312"
"magma","3","311"
"woman","1","310"
"thong","2","309"
"punch","2","308"
"pasty","1","307"
"downy","1","306"
"knead","3","305"
"whirl","1","304"
"rapid","2","303"
"clang","3","302"
"anger","3","301"
"drive","2","300"
"goofy","2","299"
"email","2","298"
"music","1","297"
"stuff","2","296"
"bleep","3","295"
"rider","2","294"
"mecca","4","293"
"folio","1","292"
"setup","1","291"
"verso","1","290"
"quash","2","289"
"fauna","3","288"
"gummy","1","287"
"happy","2","286"
"newly","1","285"
"fussy","1","284"
"relic","2","283"
"guava","3","282"
"ratty","1","281"
"fudge","4","280"
"femur","2","279"
"chirp","2","278"
"forte","2","277"
"alibi","2","276"
"whine","2","275"
"petty","1","274"
"golly","1","273"
"plait","1","272"
"fleck","3","271"
"felon","2","270"
"gourd","2","269"
"brown","1","268"
"thrum","1","267"
"ficus","2","266"
"stash","2","265"
"decry","3","264"
"wiser","1","263"
"junta","1","262"
"daunt","2","261"
"scree","3","260"
"impel","1","259"
"await","2","258"
"press","1","257"
"whose","2","256"
"turbo","1","255"
"speak","2","254"
"mangy","2","253"
"eying","2","252"
"inlet","1","251"
"crone","2","250"
"pulse","1","249"
"staid","2","248"
"hence","4","247"
"pinch","2","246"
"teddy","3","245"
"snore","1","244"
"ripen","1","243"
"attic","2","242"
"going","2","241"
"leach","4","240"
"mouth","1","239"
"hound","2","238"
"clump","1","237"
"tonal","1","236"
"bigot","2","235"
"peril","1","234"
"piece","3","233"
"blame","3","232"
"haute","3","231"
"spied","2","230"
"undid","2","229"
"basal","3","228"
"shine","2","227"
"gecko","3","226"
"rodeo","2","225"
"guard","3","224"
"steer","2","223"
"loamy","1","222"
"scamp","2","221"
"scram","2","220"
"manly","1","219"
"hello","2","218"
"vaunt","1","217"
"organ","2","216"
"feral","3","215"
"knock","1","214"
"extra","2","213"
"condo","2","212"
"adapt","3","211"
"polka","1","210"
"rayon","1","209"
"faith","3","208"
"match","3","207"
"mercy","2","206"
"tepid","2","205"
"sleek","2","204"
"riser","1","203"
"peace","4","202"
"flush","2","201"
"catty","2","200"
"login","1","199"
"eject","3","198"
"roger","2","197"
"rival","1","196"
"untie","1","195"
"refit","2","194"
"aorta","2","193"
"adult","2","192"
"judge","3","191"
"rower","1","190"
"artsy","1","189"
"rural","1","188"
"shave","3","187"
